{
  "train_loss": [
    3.282509890828874,
    3.1423877479911346,
    3.0920624133267673
  ],
  "val_loss": [
    3.5025779485702513,
    3.431100870370865,
    3.4050963842868804
  ],
  "val_ppl": [
    33.200932024989385,
    30.910652647641676,
    30.117198408720384
  ],
  "phase2_start_ppl": 20.467062887039017
}