{
  "train_loss": [
    1.7123691039159965,
    1.2816975646419828,
    1.187662832582184
  ],
  "val_loss": [
    1.341132730332225,
    1.2358767912658148,
    1.1878213133922844
  ],
  "val_ppl": [
    3.8233719027756625,
    3.4413945829959616,
    3.2799274832692804
  ]
}