{
  "train_loss": [
    3.659779109969756,
    3.1639267666101536,
    3.0690134104942066
  ],
  "val_loss": [
    3.204685538958411,
    3.0623418839980654,
    3.018816905599179
  ],
  "val_ppl": [
    24.647748041151164,
    21.37756235719154,
    20.467062887039017
  ],
  "phase1_start_ppl": 3.2799274832692804
}